{
  "sampling_rate": 512,
  "channel_mapping": {
    "ch0": {
      "enabled": true,
      "sensor": "EMG"
    },
    "ch1": {
      "enabled": true,
      "sensor": "EOG"
    },
    "ch2": {
      "enabled": true,
      "sensor": "EMG"
    },
    "ch3": {
      "enabled": true,
      "sensor": "EMG"
    }
  },
  "display": {
    "scannerX": 0,
    "showGrid": true,
    "timeWindowMs": 10000
  },
  "num_channels": 4,
  "serial_port": "",
  "features": {
    "EMG": {
      "Rock": {
        "rms": [
          0.49796879065416794,
          38.06391571599609
        ],
        "mav": [
          0.36737038736993616,
          37.4368953704834
        ],
        "zcr": [
          0.0,
          0.8888888888888888
        ],
        "var": [
          0.2246719588201993,
          1111.460145255
        ],
        "wl": [
          1.6489067077636719,
          381.84866762161255
        ],
        "peak": [
          0.7209820747375488,
          63.444034576416016
        ],
        "range": [
          1.2737556099891663,
          95.44119644165039
        ],
        "iemg": [
          3.6728091463446617,
          278.75409507751465
        ],
        "entropy": [
          -9.705936129746828,
          3.984403671229506
        ],
        "energy": [
          2.090212231822875,
          7615.258485082861
        ]
      },
      "Rest": {
        "rms": [
          0.5347604513936222,
          0.6535961072588715
        ],
        "mav": [
          0.4636243849237576,
          0.566652026017926
        ],
        "zcr": [
          0.0,
          0.0
        ],
        "var": [
          0.07891241119864217,
          0.09644850257611821
        ],
        "wl": [
          74.38666998488046,
          90.91704109263166
        ],
        "peak": [
          0.8947258863982382,
          1.0935538611534024
        ],
        "range": [
          0.8929603572176792,
          1.0913959921549412
        ],
        "iemg": [
          118.68784254048195,
          145.06291866058905
        ],
        "entropy": [
          -0.38027603762591605,
          -0.46478182376500854
        ],
        "energy": [
          81.3422194843621,
          99.4182682586648
        ]
      }
    }
  }
}