{
  "sampling_rate": 512.0,
  "channel_mapping": {
    "ch0": {
      "sensor": "EMG"
    },
    "ch1": {
      "sensor": "EOG"
    }
  },
  "display": {
    "scannerX": 0,
    "showGrid": true,
    "timeWindowMs": 10000
  },
  "num_channels": 4,
  "features": {
    "EMG": {
      "Paper": {
        "energy": [
          0.3029600471746994,
          9999189.72903791
        ],
        "entropy": [
          -191.97883070948285,
          3.972009338229545
        ],
        "iemg": [
          1.0745509676635265,
          65026.045018583536
        ],
        "mav": [
          0.1790918279439211,
          130.05209003716706
        ],
        "peak": [
          0.29592716693878174,
          400.8326110839844
        ],
        "range": [
          0.14743255078792572,
          395.13342809677124
        ],
        "rms": [
          0.22470723440909335,
          141.4156266403251
        ],
        "var": [
          0.0015446191927848286,
          7735.781105451424
        ],
        "wl": [
          0.8552079796791077,
          1220.393681526184
        ],
        "zcr": [
          0.0,
          0.9000000000000001
        ],
        "kurtosis": [
          -0.471506546203162,
          6.227402636853924
        ],
        "skewness": [
          1.0835552074937775,
          2.7680466544683755
        ],
        "ssc": [
          8.0,
          20.0
        ],
        "wamp": [
          275.0,
          546.7
        ]
      },
      "Rest": {
        "energy": [
          6.091933112371796,
          96108234.49306759
        ],
        "entropy": [
          -531.9763746174493,
          4.7457843484620374
        ],
        "iemg": [
          25.17276418209076,
          268363.04376220703
        ],
        "mav": [
          0.2209143377840519,
          371.7817492675781
        ],
        "peak": [
          0.28885579109191895,
          457.61810302734375
        ],
        "range": [
          0.07558368146419525,
          128.55694580078125
        ],
        "rms": [
          0.22397958802929588,
          372.6647274519228
        ],
        "var": [
          0.0005428499076541646,
          657.3299983555288
        ],
        "wl": [
          0.21799606084823608,
          994.1965637207031
        ],
        "zcr": [
          0.0,
          0.0
        ],
        "kurtosis": [
          -1.43515007266892,
          2.1923577480402336
        ],
        "skewness": [
          -0.6614937113980737,
          1.454814786476851
        ],
        "ssc": [
          3.0,
          26.0
        ],
        "wamp": [
          101.0,
          540.1
        ]
      },
      "Rock": {
        "energy": [
          0.4165940571471305,
          120939051.7882411
        ],
        "entropy": [
          -1266.3916554069474,
          4.786491431179171
        ],
        "iemg": [
          0.9113082587718964,
          301284.0874633789
        ],
        "mav": [
          0.2232565384105857,
          755.2214426040649
        ],
        "peak": [
          0.3414648771286011,
          2384.10498046875
        ],
        "range": [
          0.05201318860054016,
          2988.1650390625
        ],
        "rms": [
          0.23367849288669013,
          881.9802936261764
        ],
        "var": [
          0.0006763429470988402,
          775505.9343789455
        ],
        "wl": [
          0.05201318860054016,
          11775.353481292725
        ],
        "zcr": [
          0.0,
          0.8888888888888888
        ],
        "kurtosis": [
          -1.709235260476271,
          43.69017017452381
        ],
        "skewness": [
          -2.8745121426422866,
          6.057732838314007
        ],
        "ssc": [
          4.0,
          31.0
        ],
        "wamp": [
          76.0,
          816.2
        ]
      },
      "Scissors": {
        "energy": [
          41.70288643959062,
          6111766.2478856305
        ],
        "entropy": [
          0.2671602654278396,
          3.8337401570619516
        ],
        "iemg": [
          18.596864904463292,
          42102.218547821045
        ],
        "mav": [
          1.1623040565289557,
          84.03636436690827
        ],
        "peak": [
          3.1569915533065798,
          291.7956848144531
        ],
        "range": [
          5.1280757188797,
          273.7566089630127
        ],
        "rms": [
          1.531596344415516,
          110.4496909335496
        ],
        "var": [
          1.1969371991558817,
          5137.023691308857
        ],
        "wl": [
          23.962499436736106,
          939.8481750488281
        ],
        "zcr": [
          0.0,
          0.61875
        ]
      }
    },
    "EOG": {
      "SingleBlink": {
        "amplitude": [
          0.27879810333251953,
          6.012522459030152
        ],
        "asymmetry": [
          0,
          8.99999539200236
        ],
        "duration_ms": [
          3.90625,
          25.781250000000004
        ],
        "fall_time_ms": [
          1.953125,
          17.578125
        ],
        "kurtosis": [
          -2,
          1.1906515895885184
        ],
        "rise_time_ms": [
          0,
          21.484375
        ],
        "skewness": [
          -0.7292519747453403,
          1.1534141562305753
        ]
      }
    }
  },
  "serial_port": "COM1",
  "baud": 230400,
  "binary": true
}