{
  "sampling_rate": 512,
  "channel_mapping": {
    "ch0": {
      "enabled": true,
      "sensor": "EMG"
    },
    "ch1": {
      "enabled": true,
      "sensor": "EOG"
    },
    "ch2": {
      "enabled": true,
      "sensor": "EMG"
    },
    "ch3": {
      "enabled": true,
      "sensor": "EMG"
    }
  },
  "display": {
    "scannerX": 0,
    "showGrid": true,
    "timeWindowMs": 10000
  },
  "num_channels": 4,
  "serial_port": "",
  "features": {
    "EMG": {
      "Rock": {
        "rms": [
          0.49796879065416794,
          24.601199729528513
        ],
        "mav": [
          0.36737038736993616,
          18.80496747927232
        ],
        "zcr": [
          0.18181818181818182,
          0.8
        ],
        "var": [
          0.2246719588201993,
          521.8240238089842
        ],
        "wl": [
          4.026069201529026,
          242.8624563217163
        ],
        "peak": [
          0.7209820747375488,
          59.6883544921875
        ],
        "range": [
          1.2737556099891663,
          74.58182525634766
        ],
        "iemg": [
          3.6728091463446617,
          206.85464227199554
        ],
        "entropy": [
          -8.378377483372722,
          3.984403671229506
        ],
        "energy": [
          2.090212231822875,
          6657.409309453692
        ]
      }
    }
  }
}