{
  "sampling_rate": 512,
  "channel_mapping": {
    "ch0": {
      "enabled": true,
      "sensor": "EMG"
    },
    "ch1": {
      "enabled": true,
      "sensor": "EOG"
    },
    "ch2": {
      "enabled": true,
      "sensor": "EMG"
    },
    "ch3": {
      "enabled": true,
      "sensor": "EMG"
    }
  },
  "display": {
    "scannerX": 0,
    "showGrid": true,
    "timeWindowMs": 10000
  },
  "num_channels": 4,
  "features": {
    "EMG": {
      "Paper": {
        "energy": [
          0.3029600471746994,
          202.7337719291532
        ],
        "entropy": [
          -70.7284999793608,
          3.972009338229545
        ],
        "iemg": [
          1.0745509676635265,
          28.40051504969597
        ],
        "mav": [
          0.1790918279439211,
          4.6140030225118
        ],
        "peak": [
          0.39361464977264404,
          11.562826156616211
        ],
        "range": [
          0.4298268258571625,
          17.058364391326904
        ],
        "rms": [
          0.22470723440909335,
          6.131134615034403
        ],
        "var": [
          0.02834913178532722,
          26.9459936108355
        ],
        "wl": [
          0.8552079796791077,
          44.434709422290325
        ],
        "zcr": [
          0,
          0.9000000000000001
        ]
      },
      "Rest": {
        "energy": [
          81.3422194843621,
          99.4182682586648
        ],
        "entropy": [
          -0.38027603762591605,
          -0.46478182376500854
        ],
        "iemg": [
          118.68784254048195,
          145.06291866058905
        ],
        "mav": [
          0.4636243849237576,
          0.566652026017926
        ],
        "peak": [
          0.8947258863982382,
          1.0935538611534024
        ],
        "range": [
          0.8929603572176792,
          1.0913959921549412
        ],
        "rms": [
          0.5347604513936222,
          0.6535961072588715
        ],
        "var": [
          0.07891241119864217,
          0.09644850257611821
        ],
        "wl": [
          74.38666998488046,
          90.91704109263166
        ],
        "zcr": [
          0,
          0
        ]
      },
      "Rock": {
        "energy": [
          0.4165940571471305,
          120939051.7882411
        ],
        "entropy": [
          -1266.3916554069474,
          4.742886854989929
        ],
        "iemg": [
          0.9113082587718964,
          301284.0874633789
        ],
        "mav": [
          0.361918222780029,
          755.2214426040649
        ],
        "peak": [
          0.48166072368621826,
          2384.10498046875
        ],
        "range": [
          0.05201318860054016,
          2988.1650390625
        ],
        "rms": [
          0.43721371476287335,
          881.9802936261764
        ],
        "var": [
          0.0006763429470988402,
          775505.9343789455
        ],
        "wl": [
          0.05201318860054016,
          11775.353481292725
        ],
        "zcr": [
          0.0,
          0.8888888888888888
        ]
      },
      "Scissors": {
        "energy": [
          41.70288643959062,
          6852.679663781401
        ],
        "entropy": [
          0.7031459122752415,
          3.306817656057171
        ],
        "iemg": [
          18.596864904463292,
          269.5656355023384
        ],
        "mav": [
          1.1623040565289557,
          16.84785221889615
        ],
        "peak": [
          3.1569915533065798,
          45.306495666503906
        ],
        "range": [
          5.1280757188797,
          79.63766479492188
        ],
        "rms": [
          1.531596344415516,
          21.373939995208186
        ],
        "var": [
          2.260713047334719,
          421.97994021903713
        ],
        "wl": [
          23.962499436736106,
          361.1927684545517
        ],
        "zcr": [
          0.4,
          0.61875
        ]
      }
    },
    "EOG": {
      "SingleBlink": {
        "amplitude": [
          0.27879810333251953,
          6.012522459030152
        ],
        "asymmetry": [
          0,
          8.99999539200236
        ],
        "duration_ms": [
          3.90625,
          25.781250000000004
        ],
        "fall_time_ms": [
          1.953125,
          17.578125
        ],
        "kurtosis": [
          -2,
          1.1906515895885184
        ],
        "rise_time_ms": [
          0,
          21.484375
        ],
        "skewness": [
          -0.7292519747453403,
          1.1534141562305753
        ]
      }
    }
  },
  "serial_port": ""
}